TITLE,DESCRIPTION,PRICE,CURRENCY_CODE,QUANTITY,TAGS,MATERIALS,IMAGE1,IMAGE2,IMAGE3,IMAGE4,IMAGE5,IMAGE6,IMAGE7,IMAGE8,IMAGE9,IMAGE10,VARIATION 1 TYPE,VARIATION 1 NAME,VARIATION 1 VALUES,VARIATION 2 TYPE,VARIATION 2 NAME,VARIATION 2 VALUES,SKU
"**
Sterling Silver Star Pendant Necklace - Geometric Hexagram Jewelry for Unique Style","**
Elevate your style with our stunning handcrafted Sterling Silver Star Pendant Necklace. Featuring an intricate geometric hexagram design, this unique piece is perfect for those who appreciate both elegance and individuality. Whether you're dressing up for a special occasion or adding a touch of sophistication to your everyday look, this pendant is a versatile addition to any jewelry collection. Ideal as a thoughtful gift for her, this necklace is a testament to artisan craftsmanship and timeless beauty. Order now to own a piece that speaks to your unique fashion sense.",,"USD","1","starpendant, silvernecklace, geometricjewelry, hexagramdesign, uniquependant, handcraftedjewelry, giftforher, bohostyle, modernnecklace, statementpiece, artisancrafted, minimalistcharm, fashionaccessory","Silver","processed_N106 STARVIREO 30MM 4.45GR.png","processed_DSC_2698.png",,,,,,,,,,,,,,,"N106-STARVIREO-624771"
"**  
Unique Star Pendant Necklace, Geometric Silver Jewelry, Statement Piece for Gifts","**  
Discover the allure of our Star Pendant Necklace, a striking piece of geometric jewelry crafted in silver. This unique design is perfect for those who appreciate bold and stylish accessories. Ideal for everyday wear or special occasions, it makes a thoughtful gift for someone special or a distinctive addition to your own collection. Handcrafted with attention to detail, this pendant delivers both elegance and a touch of modern fashion. Elevate your look with this captivating statement piece.",,"USD","1","star, pendant, necklace, silver, geometric, jewelry, statement, gift, fashion, accessory, unique, handcrafted, stylish","Silver","processed_N106 STARVIREO 30MM 4.45GR.png","processed_DSC_2698.png",,,,,,,,,,,,,,,"N106-STARVIREO-515408"
"**
Silver Star Pendant Necklace with Intricate Geometric Design for Unique Style","**
Elevate your style with this stunning silver star pendant necklace, featuring an intricate geometric design that captures attention and sparks conversation. Perfect for those who appreciate unique, handmade jewelry with a celestial touch. This artisan-crafted piece is versatile enough for everyday wear or special occasions, making it an excellent gift for someone special. Embrace the beauty of bohemian elegance and make a statement with this exquisite accessory.",,"USD","1","silvernecklace, starpendant, geometricjewelry, handmadenecklace, uniquegift, celestialjewelry, bohostyle, artisanpendant, statementnecklace, starjewelry, giftforher, bohemiannecklace, fashionaccessory","Silver","processed_Back1_N106 STARVIREO 30MM 4.45GR.png","processed_Back2_N106 STARVIREO 30MM 4.45GR.png","processed_Back3_N106 STARVIREO 30MM 4.45GR.png","processed_Back1_DSC_2698.png","processed_Back2_DSC_2698.png","processed_Back3_DSC_2698.png",,,,,,,,,,,"N106-STARVIREO-662645"
"**
Handcrafted Star Pendant Necklace | Unique Geometric Design Jewelry | Silver Charm Gift","**
Discover the allure of our handcrafted star pendant necklace, a perfect blend of modern design and timeless elegance. This unique geometric charm is meticulously crafted in silver, making it a stunning statement piece or a cherished everyday accessory. Ideal as a thoughtful gift for loved ones or a special treat for yourself, this pendant adds a touch of sophistication to any outfit. Embrace the beauty of artisan jewelry with this exquisite, versatile piece.",,"USD","1","starpendant, geometricnecklace, silverjewelry, uniquegift, artisannecklace, handcrafted, charmnecklace, moderndesign, statementpiece, everydaywear, minimalistjewelry, silverchain, elegantpendant","Silver","processed_Back1_N106 STARVIREO 30MM 4.45GR.png","processed_Back2_N106 STARVIREO 30MM 4.45GR.png","processed_Back3_N106 STARVIREO 30MM 4.45GR.png","processed_Back1_DSC_2698.png","processed_Back2_DSC_2698.png","processed_Back3_DSC_2698.png",,,,,,,,,,,"N106-STARVIREO-774880"
"**
Elegant Star Pendant Necklace Silver Geometric Jewelry Gift for Her","**
Discover elegance with our Star Pendant Necklace. Crafted in polished silver, this geometric design is perfect for any occasion. Its minimalist style adds a touch of modern sophistication to any outfit. Ideal as a gift for her or a stylish addition to your own collection. Wear it and shine brightly every day.",,"USD","1","star, pendant, necklace, silver, geometric, jewelry, gift, her, fashion, stylish, accessory, minimalist, modern","Silver","processed_Back1_N106 STARVIREO 30MM 4.45GR.png","processed_Back2_N106 STARVIREO 30MM 4.45GR.png","processed_Back3_N106 STARVIREO 30MM 4.45GR.png","processed_Back1_DSC_2698.png","processed_Back2_DSC_2698.png","processed_Back3_DSC_2698.png",,,,,,,,,,,"N106-STARVIREO-906548"
"**  
Elegant Star Pendant Necklace Silver Geometric Jewelry for Women and Men Gift","**  
Discover elegance and sophistication with our stunning star pendant necklace. Crafted from high-quality silver, this geometric design is perfect for both men and women. Whether you're dressing up for a special occasion or adding a touch of flair to your everyday attire, this necklace is the perfect accessory. It makes a thoughtful gift for birthdays, anniversaries, or any celebration. Elevate your style with this timeless piece of jewelry.",,"USD","1","starpendant, silvernecklace, geometricjewelry, unisexnecklace, giftforher, giftforhim, celestialjewelry, sterlingsilver, uniquedesign, fashionaccessory, statementnecklace, minimalistjewelry, modernnecklace","Silver","processed_Back1_N106 STARVIREO 30MM 4.45GR.png","processed_Back2_N106 STARVIREO 30MM 4.45GR.png","processed_Back3_N106 STARVIREO 30MM 4.45GR.png",,,,,,,,,,,,,,"N106-STARVIREO-906570"
"** 
   Unique Silver Statement Ring VarioTM-188 - Modern Geometric Jewelry Gift","** 
   Discover the elegance of the VarioTM-188, a unique silver statement ring that captures modern geometric artistry. Perfect for adding a touch of sophistication to any outfit, this ring is a standout piece in any jewelry collection. Handcrafted with precision, it makes an excellent gift for a loved one or a stylish addition to your own accessories. Embrace the blend of fashion and art with the VarioTM-188.",,"USD","1","Silver, Statement, Ring, Geometric, Jewelry, Modern, Gift, Fashion, Unique, Handmade, Artistic, Elegant, Stylish","Silver","processed_Back1_DSC_1067.png","processed_Back2_DSC_1067.png","processed_Back3_DSC_1067.png","processed_Back1_DSC_1050.png","processed_Back2_DSC_1050.png","processed_Back3_DSC_1050.png","processed_Back1_DSC_1029.png","processed_Back2_DSC_1029.png","processed_Back3_DSC_1029.png",,,,,,,,"VARIOTM-188-906515"
"VarioTM-188 - Handmade Quality","Beautiful product","19.99","USD","1","product, handmade, unique, gift","Mixed Materials","processed_Back1_DSC_1067.png","processed_Back2_DSC_1067.png","processed_Back3_DSC_1067.png","processed_Back1_DSC_1050.png","processed_Back2_DSC_1050.png","processed_Back3_DSC_1050.png","processed_Back1_DSC_1029.png","processed_Back2_DSC_1029.png","processed_Back3_DSC_1029.png",,,,,,,,"VARIOTM-188-934721"
"**
Silver Star Pendant Necklace - Geometric Star Jewelry - Unique Handmade Gift for Her","**
Discover the elegance of our Silver Star Pendant Necklace, a perfect blend of geometric artistry and timeless style. Handcrafted with precision, this unique piece adds a touch of sophistication to any outfit. Ideal as a thoughtful gift for her, this necklace is a statement accessory for any occasion. Elevate your jewelry collection with this exquisite design that captures both beauty and craftsmanship.",,"USD","1","silver, necklace, star, pendant, geometric, jewelry, handmade, gift, unique, women, fashion, accessory, statement","Silver","processed_Back1_N106 STARVIREO 30MM 4.45GR.png","processed_Back2_N106 STARVIREO 30MM 4.45GR.png","processed_Back3_N106 STARVIREO 30MM 4.45GR.png","processed_Back1_DSC_2698.png","processed_Back2_DSC_2698.png","processed_Back3_DSC_2698.png",,,,,,,,,,,"N106-STARVIREO-371468"
"**
   ""VarioTM-188: Unique Geometric Silver Ring, Modern Statement Jewelry""","**
   Discover the VarioTM-188, a stunning geometric silver ring crafted for the modern fashionista. This statement piece features a unique, artistic design that sets it apart from conventional jewelry. Perfect for everyday wear or special occasions, the VarioTM-188 adds a touch of elegance to any outfit. Handmade with care, it's an ideal gift for someone special or a beautiful addition to your personal collection. Embrace contemporary style with this exquisite ring.",,"USD","1","geometric, silverring, statementjewelry, moderndesign, fashionaccessory, uniquering, artisticjewelry, handmade, giftforher, minimalist, contemporary, stylish, jewelry","Silver","processed_Back1_DSC_1067.png","processed_Back2_DSC_1067.png","processed_Back3_DSC_1067.png","processed_Back1_DSC_1050.png","processed_Back2_DSC_1050.png","processed_Back3_DSC_1050.png","processed_Back1_DSC_1029.png","processed_Back2_DSC_1029.png","processed_Back3_DSC_1029.png",,,,,,,,"VARIOTM-188-407169"
"Elegant STARVIREO 30MM Silver Star Pendant Necklace for Women - Unique Geometric Jewelry Gift","Discover the elegance of the STARVIREO 30MM silver star pendant, a perfect blend of style and sophistication. This unique geometric design makes it an ideal gift for any occasion, adding a touch of class to any outfit.","29.99","USD","1","pendant, necklace, star, silver, jewelry, geometric, gift, women, fashion, accessory, handmade, stylish, unique","Silver","processed_DSC_2698.png","processed_N106 STARVIREO 30MM 4.45GR.png",,,,,,,,,,,,,,,"N106-STARVIREO-REALTEST"
"Elegant STARVIREO 30MM Sterling Silver Star Pendant Necklace, Unique Geometric Design Jewelry, Perfect Gift for Women, 4.45GR Charm","Discover the exquisite STARVIREO 30MM silver star pendant necklace, a perfect blend of elegance and modern geometric design. Crafted with precision, this 4.45GR charm is an ideal gift for women who appreciate unique jewelry pieces. Elevate your style with this standout accessory.","29.99","USD","1","pendant, silver, star, necklace, jewelry, geometric, gift, women, charm, elegant, design, unique, sterling","Silver","processed_DSC_2698.png","processed_N106 STARVIREO 30MM 4.45GR.png",,,,,,,,,,,,,,,"N106-STARVIREO-REALTEST"
"Elegant Handmade Star Pendant Necklace N106 STARVIREO 30MM Sterling Silver Unique Geometric Design Gift for Her Anniversary Jewelry","Discover elegance with our handmade N106 STARVIREO star pendant necklace. Crafted from premium sterling silver, its unique geometric design makes it a standout piece. Perfect as a gift for her on anniversaries, this necklace is both timeless and fashionable. Elevate any outfit with this exquisite accessory.","29.99","USD","1","pendant, necklace, star, handmade, jewelry, silver, gift, geometric, elegant, unique, fashion, accessory, anniversary","Silver","processed_DSC_2698.png","processed_N106 STARVIREO 30MM 4.45GR.png",,,,,,,,,,,,,,,"N106-STARVIREO-REALTEST"
"Elegant Star Pendant Necklace - N106 STARVIREO 30MM 4.45GR Sterling Silver Unique Geometric Jewelry Gift for Women and Men - Perfect Gift fo","Discover the elegance of our STARVIREO pendant. A stunning 30MM geometric star design crafted in sterling silver. Perfect as a unique gift for both women and men, this necklace adds a touch of sophistication to any outfit. Lightweight at 4.45GR, it's an ideal accessory for all-day wear. Elevate your style or surprise a loved one with this timeless piece.","29.99","USD","1","pendant, necklace, star, geometric, jewelry, gift, silver, women, men, fashion, elegant, unique, accessory","Silver","processed_DSC_2698.png","processed_N106 STARVIREO 30MM 4.45GR.png",,,,,,,,,,,,,,,"N106-STARVIREO-REALTEST"
"N93-CLAWRIO Gothic Pendant Necklace for Men Women, Unique Silver Statement Jewelry, Viking Norse Amulet, Celtic Knot Pendant - Perfect Gift ","Elevate your style with the N93-CLAWRIO Gothic Pendant Necklace. This striking silver statement piece combines Viking and Norse influences with a Celtic knot design, making it a unique addition to any jewelry collection. Perfect for both men and women, this amulet necklace is not only a fashion accessory but a conversation starter. Crafted with attention to detail, it exudes elegance and mystery. Ideal for gifting or treating yourself.","19.99","USD","1","pendant, necklace, jewelry, gothic, viking, norse, amulet, celtic, silver, unique, statement, men, women","Silver","processed_Back1_N93 CLAWRIO 40MM 6.55GR.png","processed_Back2_N93 CLAWRIO 40MM 6.55GR.png","processed_Back3_N93 CLAWRIO 40MM 6.55GR.png",,,,,,,,,,,,,,"N93-CLAWRIO-594754"
"Star Pendant Necklace Silver N106-STARVIREO Geometric Jewelry Gift for Her Unique Handmade Boho Chic Fashion Accessory Statement Piece","Discover the N106-STARVIREO star pendant necklace, a stunning geometric jewelry piece crafted in silver. Perfect as a unique gift for her, this handmade boho chic accessory is a statement piece that enhances any fashion ensemble. Its intricate design and quality craftsmanship make it a must-have for jewelry lovers.","19.99","USD","1","star, pendant, necklace, silver, geometric, jewelry, gift, handmade, boho, fashion, accessory, statement, piece","Silver","processed_Back1_N106 STARVIREO 30MM 4.45GR.png","processed_Back2_N106 STARVIREO 30MM 4.45GR.png","processed_Back3_N106 STARVIREO 30MM 4.45GR.png","processed_Back1_DSC_2698.png","processed_Back2_DSC_2698.png","processed_Back3_DSC_2698.png",,,,,,,,,,,"N106-STARVIREO-678750"
"Star Pendant Necklace Silver Geometric Jewelry Unique Gift for Her Modern Design N106-STARVIREO Handmade Artisan Statement Piece - Perfect G","Discover the elegance of our Star Pendant Necklace in silver. This geometric design is a stunning piece of jewelry, perfect as a unique gift for her. Crafted with precision, it's a modern statement piece that shines with sophistication, making it an essential addition to any collection.","19.99","USD","1","star, pendant, necklace, silver, jewelry, geometric, gift, modern, handmade, artisan, unique, statement, fashion","Silver","processed_Back1_DSC_2698.png","processed_Back2_DSC_2698.png","processed_Back3_DSC_2698.png",,,,,,,,,,,,,,"N106-STARVIREO-723812"
